key,rule,severity,component,line,message,type,effort,debt,status
AaD9T2dD9JxkEnUqbYKb,python:S3516,BLOCKER,network-telemetry-engine:src/telemetry_engine/api/routes_telemetry.py,27,Refactor this method to not always return the same value.,CODE_SMELL,2min,2min,OPEN
AaD9T2dD9JxkEnUqbYKc,python:S3923,MAJOR,network-telemetry-engine:src/telemetry_engine/api/routes_telemetry.py,32,Remove this if statement or edit its code blocks so that they're not all the same.,BUG,15min,15min,OPEN
AaD9T2c19JxkEnUqbYKU,python:S3516,BLOCKER,network-telemetry-engine:src/telemetry_engine/auth/jwt_handler.py,138,Refactor this method to not always return the same value.,CODE_SMELL,2min,2min,OPEN
AaD9T2c19JxkEnUqbYKV,python:S3923,MAJOR,network-telemetry-engine:src/telemetry_engine/auth/jwt_handler.py,145,Remove this if statement or edit its code blocks so that they're not all the same.,BUG,15min,15min,OPEN
AaD9T2c19JxkEnUqbYKT,python:S1192,CRITICAL,network-telemetry-engine:src/telemetry_engine/auth/jwt_handler.py,158,"Define a constant instead of duplicating this literal ""Bearer "" 3 times.",CODE_SMELL,6min,6min,OPEN
AaD9T2c-9JxkEnUqbYKY,python:S1192,CRITICAL,network-telemetry-engine:src/telemetry_engine/auth/permissions.py,17,"Define a constant instead of duplicating this literal ""telemetry:read"" 4 times.",CODE_SMELL,8min,8min,OPEN
AaD9T2c-9JxkEnUqbYKZ,python:S1192,CRITICAL,network-telemetry-engine:src/telemetry_engine/auth/permissions.py,18,"Define a constant instead of duplicating this literal ""telemetry:write"" 3 times.",CODE_SMELL,6min,6min,OPEN
AaD9T2c-9JxkEnUqbYKW,python:S1192,CRITICAL,network-telemetry-engine:src/telemetry_engine/auth/permissions.py,19,"Define a constant instead of duplicating this literal ""devices:read"" 5 times.",CODE_SMELL,10min,10min,OPEN
AaD9T2c-9JxkEnUqbYKX,python:S1192,CRITICAL,network-telemetry-engine:src/telemetry_engine/auth/permissions.py,22,"Define a constant instead of duplicating this literal ""alerts:read"" 3 times.",CODE_SMELL,6min,6min,OPEN
AaD9T2c-9JxkEnUqbYKa,python:S5797,CRITICAL,network-telemetry-engine:src/telemetry_engine/auth/permissions.py,83,Replace this expression; used as a condition it will always be constant.,CODE_SMELL,2min,2min,OPEN
AaD9T2dO9JxkEnUqbYKe,python:S3516,BLOCKER,network-telemetry-engine:src/telemetry_engine/models/device.py,51,Refactor this method to not always return the same value.,CODE_SMELL,2min,2min,OPEN
AaD9T2dO9JxkEnUqbYKf,python:S3923,MAJOR,network-telemetry-engine:src/telemetry_engine/models/device.py,55,Remove this if statement or edit its code blocks so that they're not all the same.,BUG,15min,15min,OPEN
AaD9T2dW9JxkEnUqbYKj,python:S3776,CRITICAL,network-telemetry-engine:src/telemetry_engine/services/aggregation_service.py,103,Refactor this function to reduce its Cognitive Complexity from 47 to the 15 allowed.,CODE_SMELL,37min,37min,OPEN
AaD9T2dW9JxkEnUqbYKk,python:S3516,BLOCKER,network-telemetry-engine:src/telemetry_engine/services/aggregation_service.py,150,Refactor this method to not always return the same value.,CODE_SMELL,2min,2min,OPEN
AaD9T2dU9JxkEnUqbYKi,python:S1764,MAJOR,network-telemetry-engine:src/telemetry_engine/services/alert_evaluator.py,51,"Correct one of the identical sub-expressions on both sides of operator ""and"".",BUG,2min,2min,OPEN
AaD9T2dS9JxkEnUqbYKg,python:S5445,CRITICAL,network-telemetry-engine:src/telemetry_engine/utils/file_utils.py,17,'tempfile.mktemp' is insecure. Use 'tempfile.TemporaryFile' instead,VULNERABILITY,10min,10min,OPEN
