rank,key,rule,severity,type,component,line,priority_score,debt_minutes,blast_radius,message,justification
1,AaD9T2c19JxkEnUqbYKU,python:S3516,BLOCKER,CODE_SMELL,src/telemetry_engine/auth/jwt_handler.py,138,39.8,2,3,Refactor this method to not always return the same value.,"Severity=BLOCKER, Type=CODE_SMELL, Blast Radius=3 dependents. Rule python:S3516 in core component jwt_handler.py."
2,AaD9T2dS9JxkEnUqbYKg,python:S5445,CRITICAL,VULNERABILITY,src/telemetry_engine/utils/file_utils.py,17,38.5,10,1,'tempfile.mktemp' is insecure. Use 'tempfile.TemporaryFile' instead,"Severity=CRITICAL, Type=VULNERABILITY, Blast Radius=1 dependents. Rule python:S5445 in core component file_utils.py."
3,AaD9T2dW9JxkEnUqbYKj,python:S3776,CRITICAL,CODE_SMELL,src/telemetry_engine/services/aggregation_service.py,103,35.6,37,1,Refactor this function to reduce its Cognitive Complexity from 47 to the 15 allowed.,"Severity=CRITICAL, Type=CODE_SMELL, Blast Radius=1 dependents. Rule python:S3776 in core component aggregation_service.py."
4,AaD9T2dO9JxkEnUqbYKe,python:S3516,BLOCKER,CODE_SMELL,src/telemetry_engine/models/device.py,51,34.1,2,2,Refactor this method to not always return the same value.,"Severity=BLOCKER, Type=CODE_SMELL, Blast Radius=2 dependents. Rule python:S3516 in core component device.py."
5,AaD9T2c19JxkEnUqbYKT,python:S1192,CRITICAL,CODE_SMELL,src/telemetry_engine/auth/jwt_handler.py,158,33.9,6,3,"Define a constant instead of duplicating this literal ""Bearer "" 3 times.","Severity=CRITICAL, Type=CODE_SMELL, Blast Radius=3 dependents. Rule python:S1192 in core component jwt_handler.py."
6,AaD9T2c19JxkEnUqbYKV,python:S3923,MAJOR,BUG,src/telemetry_engine/auth/jwt_handler.py,145,32.5,15,3,Remove this if statement or edit its code blocks so that they're not all the same.,"Severity=MAJOR, Type=BUG, Blast Radius=3 dependents. Rule python:S3923 in core component jwt_handler.py."
7,AaD9T2c-9JxkEnUqbYKW,python:S1192,CRITICAL,CODE_SMELL,src/telemetry_engine/auth/permissions.py,19,30.8,10,2,"Define a constant instead of duplicating this literal ""devices:read"" 5 times.","Severity=CRITICAL, Type=CODE_SMELL, Blast Radius=2 dependents. Rule python:S1192 in core component permissions.py."
8,AaD9T2c-9JxkEnUqbYKY,python:S1192,CRITICAL,CODE_SMELL,src/telemetry_engine/auth/permissions.py,17,29.9,8,2,"Define a constant instead of duplicating this literal ""telemetry:read"" 4 times.","Severity=CRITICAL, Type=CODE_SMELL, Blast Radius=2 dependents. Rule python:S1192 in core component permissions.py."
9,AaD9T2c-9JxkEnUqbYKZ,python:S1192,CRITICAL,CODE_SMELL,src/telemetry_engine/auth/permissions.py,18,29.0,6,2,"Define a constant instead of duplicating this literal ""telemetry:write"" 3 times.","Severity=CRITICAL, Type=CODE_SMELL, Blast Radius=2 dependents. Rule python:S1192 in core component permissions.py."
10,AaD9T2c-9JxkEnUqbYKX,python:S1192,CRITICAL,CODE_SMELL,src/telemetry_engine/auth/permissions.py,22,29.0,6,2,"Define a constant instead of duplicating this literal ""alerts:read"" 3 times.","Severity=CRITICAL, Type=CODE_SMELL, Blast Radius=2 dependents. Rule python:S1192 in core component permissions.py."
11,AaD9T2dW9JxkEnUqbYKk,python:S3516,BLOCKER,CODE_SMELL,src/telemetry_engine/services/aggregation_service.py,150,28.4,2,1,Refactor this method to not always return the same value.,"Severity=BLOCKER, Type=CODE_SMELL, Blast Radius=1 dependents. Rule python:S3516 in core component aggregation_service.py."
12,AaD9T2dO9JxkEnUqbYKf,python:S3923,MAJOR,BUG,src/telemetry_engine/models/device.py,55,27.8,15,2,Remove this if statement or edit its code blocks so that they're not all the same.,"Severity=MAJOR, Type=BUG, Blast Radius=2 dependents. Rule python:S3923 in core component device.py."
13,AaD9T2c-9JxkEnUqbYKa,python:S5797,CRITICAL,CODE_SMELL,src/telemetry_engine/auth/permissions.py,83,27.3,2,2,Replace this expression; used as a condition it will always be constant.,"Severity=CRITICAL, Type=CODE_SMELL, Blast Radius=2 dependents. Rule python:S5797 in core component permissions.py."
14,AaD9T2dD9JxkEnUqbYKb,python:S3516,BLOCKER,CODE_SMELL,src/telemetry_engine/api/routes_telemetry.py,27,22.7,2,0,Refactor this method to not always return the same value.,"Severity=BLOCKER, Type=CODE_SMELL, Blast Radius=0 dependents. Rule python:S3516 in core component routes_telemetry.py."
15,AaD9T2dU9JxkEnUqbYKi,python:S1764,MAJOR,BUG,src/telemetry_engine/services/alert_evaluator.py,51,19.2,2,1,"Correct one of the identical sub-expressions on both sides of operator ""and"".","Severity=MAJOR, Type=BUG, Blast Radius=1 dependents. Rule python:S1764 in core component alert_evaluator.py."
16,AaD9T2dS9JxkEnUqbYKh,python:S4790,MAJOR,SECURITY_HOTSPOT,src/telemetry_engine/utils/file_utils.py,46,19.2,10,1,Make sure that hashing data is safe here.,Security Hotspot (others) requiring audit on file_utils.py.
17,AaD9T2dD9JxkEnUqbYKc,python:S3923,MAJOR,BUG,src/telemetry_engine/api/routes_telemetry.py,32,18.6,15,0,Remove this if statement or edit its code blocks so that they're not all the same.,"Severity=MAJOR, Type=BUG, Blast Radius=0 dependents. Rule python:S3923 in core component routes_telemetry.py."
18,AaD9T2dH9JxkEnUqbYKd,python:S5443,MAJOR,SECURITY_HOTSPOT,src/telemetry_engine/config.py,15,15.4,10,0,Make sure publicly writable directories are used safely here.,Security Hotspot (others) requiring audit on config.py.
